{"cameraMode":{"drawMode":0,"name":"Shaded","section":"Shading Mode"},"sceneLighting":true,"audioPlay":false,"sceneViewState":{"showFog":true,"showMaterialUpdate":false,"showSkybox":false,"showFlares":true,"showImageEffects":true,"showParticleSystems":true},"in2DMode":false,"pivot":{"x":0.06319442391395569,"y":2.6700000762939455,"z":1.8180441856384278},"rotation":{"x":0.28501349687576296,"y":0.17810338735580445,"z":-0.05398557335138321,"w":0.9402830004692078},"size":1.1461268663406373,"orthographic":false}