{"cameraMode":{"drawMode":0,"name":"Shaded","section":"Shading Mode"},"sceneLighting":true,"audioPlay":false,"sceneViewState":{"showFog":true,"showMaterialUpdate":false,"showSkybox":true,"showFlares":true,"showImageEffects":true,"showParticleSystems":true},"in2DMode":false,"pivot":{"x":-0.5937834978103638,"y":-0.41992324590682986,"z":-0.39804208278656008},"rotation":{"x":0.5364652276039124,"y":0.15737450122833253,"z":-0.10261478275060654,"w":0.822744607925415},"size":6.880847930908203,"orthographic":false}