{"cameraMode":{"drawMode":0,"name":"Shaded","section":"Shading Mode"},"sceneLighting":true,"audioPlay":false,"sceneViewState":{"showFog":true,"showMaterialUpdate":false,"showSkybox":false,"showFlares":true,"showImageEffects":true,"showParticleSystems":true},"in2DMode":false,"pivot":{"x":52.15544128417969,"y":-60.462913513183597,"z":-39.87571334838867},"rotation":{"x":-0.16643588244915009,"y":0.7950633764266968,"z":-0.2514493763446808,"w":-0.5262571573257446},"size":321.4867248535156,"orthographic":false}